{"all_results": {"RandomForest": {"y_pred": [0, 0, 0, 0, 0, 0, 0, 0, 0, 0, 0, 0, 0, 0, 1, 1, 1, 0, 0, 1, 0, 1, 0, 0, 0, 1, 0, 1, 0, 1, 1, 1, 0, 0, 1, 1, 0, 0, 1, 1, 0, 0, 0, 1, 1, 1, 0, 0, 1], "y_proba": [0.0, 0.07529331918795941, 0.0, 0.03762166405023548, 0.0625056831430703, 0.018775510204081632, 0.009387755102040816, 0.037125796281640436, 0.0, 0.00910891089108911, 0.00910891089108911, 0.09611500011839609, 0.09571499866219307, 0.0, 0.14978003686022118, 0.11865189762948719, 0.39648102863555457, 0.05558374931435908, 0.0, 0.2764527741895678, 0.08023827017836234, 0.26221436030701484, 0.07396956016497148, 0.018891887333445774, 0.09891957141121864, 0.2665030460820763, 0.046724512907595724, 0.2665030460820763, 0.08946117266710563, 0.2656506818802818, 0.20300648872708812, 0.25317411524050126, 0.09007341756506483, 0.08946117266710563, 0.10040225286350496, 0.1781080875160298, 0.05263996084022786, 0.089860651607618, 0.15929045338426837, 0.22963004670147039, 0.07018094444678524, 0.0985812216118325, 0.0728612692569476, 0.2062576947477039, 0.24340926555268605, 0.33979876733665504, 0.07007341756506481, 0.0630740352143944, 0.17799782496650512]}, "XGBoost": {"y_pred": [0, 1, 0, 1, 1, 0, 0, 1, 0, 0, 0, 1, 1, 0, 1, 1, 1, 0, 0, 1, 1, 1, 1, 0, 1, 1, 0, 1, 0, 1, 1, 1, 1, 0, 0, 1, 0, 0, 1, 1, 1, 1, 0, 1, 1, 1, 0, 0, 1], "y_proba": [0.07379291206598282, 0.10033112019300461, 0.07369434833526611, 0.10033112019300461, 0.11070917546749115, 0.0734897255897522, 0.0734897255897522, 0.10033112019300461, 0.07369434833526611, 0.0734897255897522, 0.0734897255897522, 0.11070917546749115, 0.11070917546749115, 0.07369434833526611, 0.11070917546749115, 0.11070917546749115, 0.6769459843635559, 0.0760750100016594, 0.07369434833526611, 0.7946922779083252, 0.11070917546749115, 0.7946922779083252, 0.11070917546749115, 0.07369434833526611, 0.11070917546749115, 0.7753521800041199, 0.07369434833526611, 0.7753521800041199, 0.09760024398565292, 0.7573053240776062, 0.7584022283554077, 0.7573053240776062, 0.11070917546749115, 0.09760024398565292, 0.09760024398565292, 0.7573053240776062, 0.07328736782073975, 0.09760024398565292, 0.5711166262626648, 0.7584022283554077, 0.11070917546749115, 0.11070917546749115, 0.07328736782073975, 0.7573053240776062, 0.7753521800041199, 0.8251825571060181, 0.09760024398565292, 0.07328736782073975, 0.7584022283554077]}, "LightGBM": {"y_pred": [0, 0, 0, 0, 0, 0, 0, 0, 0, 0, 0, 1, 0, 0, 1, 0, 1, 0, 0, 1, 1, 1, 1, 0, 1, 1, 0, 1, 0, 1, 1, 1, 0, 1, 0, 1, 0, 1, 1, 1, 0, 1, 0, 1, 1, 1, 0, 0, 1], "y_proba": [0.028340080251135703, 0.029658063073872535, 0.029264948643560527, 0.024896627551699885, 0.09030134599872223, 0.026272902901568064, 0.026718853049432306, 0.021545155724138003, 0.029243419247532078, 0.024704095770279794, 0.026299328036769876, 0.11216741237133601, 0.08940273062338894, 0.029243419247532078, 0.11276823465440884, 0.04186782206768711, 0.8489865017425173, 0.07879498128462821, 0.029243419247532078, 0.8435993474783814, 0.12335182277581437, 0.8435978007636412, 0.10473402792752158, 0.05340277121360128, 0.12403253248310536, 0.8566130298651822, 0.059230308933153855, 0.8559727478175578, 0.08508233757783722, 0.8235434897478884, 0.8086815650798121, 0.8220906926368124, 0.09235984218092536, 0.11689809662593792, 0.08492486574656763, 0.7894868805006444, 0.047501592020271786, 0.11386358908527071, 0.734616804992024, 0.8118777190962952, 0.05854019326691092, 0.1090729421263932, 0.06168586679270038, 0.8097292088153578, 0.8536901462358725, 0.8986527737474548, 0.0927986113270008, 0.08259943081254244, 0.810349191813479]}}, "champion": {"name": "RandomForest", "f1_score": 0.6666666666666666, "auc_score": 0.9194444444444445, "threshold": 0.1, "accuracy": 0.8163265306122449}, "dataset_info": {"features_used": ["Location_Code", "Average Temperature", "Average Humidity", "Temp_Range", "Temp_Avg_3d", "Humidity_Avg_3d", "Insects_Lag1", "Insects_Lag3", "Recent_Activity", "Days_Since_Cleaning", "Month", "Day", "Location_Cicalino 2", "Location_Imola 1", "Location_Imola 2", "Location_Imola 3", "Season_Mid_Summer"], "y_test": [0, 0, 0, 0, 0, 0, 0, 0, 0, 0, 0, 0, 0, 0, 0, 0, 1, 0, 0, 0, 0, 1, 0, 0, 0, 0, 0, 0, 0, 0, 1, 1, 0, 0, 0, 0, 0, 0, 0, 1, 0, 0, 0, 1, 1, 1, 0, 0, 1]}}