{"y_test": [0, 0, 0, 0, 0, 0, 0, 0, 0, 0, 0, 0, 0, 0, 0, 0, 1, 0, 0, 0, 0, 1, 0, 0, 0, 0, 0, 0, 0, 0, 1, 1, 0, 0, 0, 0, 0, 0, 0, 1, 0, 0, 0, 1, 1, 1, 0, 0, 1], "rf_proba": [0.0, 0.07529331918795941, 0.0, 0.03762166405023548, 0.0625056831430703, 0.018775510204081632, 0.009387755102040816, 0.037125796281640436, 0.0, 0.00910891089108911, 0.00910891089108911, 0.09611500011839609, 0.09571499866219307, 0.0, 0.14978003686022118, 0.11865189762948719, 0.39648102863555457, 0.05558374931435908, 0.0, 0.2764527741895678, 0.08023827017836234, 0.26221436030701484, 0.07396956016497148, 0.018891887333445774, 0.09891957141121864, 0.2665030460820763, 0.046724512907595724, 0.2665030460820763, 0.08946117266710563, 0.2656506818802818, 0.20300648872708812, 0.25317411524050126, 0.09007341756506483, 0.08946117266710563, 0.10040225286350496, 0.1781080875160298, 0.05263996084022786, 0.089860651607618, 0.15929045338426837, 0.22963004670147039, 0.07018094444678524, 0.0985812216118325, 0.0728612692569476, 0.2062576947477039, 0.24340926555268605, 0.33979876733665504, 0.07007341756506481, 0.0630740352143944, 0.17799782496650512], "rf_pred": [0, 0, 0, 0, 0, 0, 0, 0, 0, 0, 0, 0, 0, 0, 1, 1, 1, 0, 0, 1, 0, 1, 0, 0, 0, 1, 0, 1, 0, 1, 1, 1, 0, 0, 1, 1, 0, 0, 1, 1, 0, 0, 0, 1, 1, 1, 0, 0, 1], "xgb_proba": [0.07379291206598282, 0.10033112019300461, 0.07369434833526611, 0.10033112019300461, 0.11070917546749115, 0.0734897255897522, 0.0734897255897522, 0.10033112019300461, 0.07369434833526611, 0.0734897255897522, 0.0734897255897522, 0.11070917546749115, 0.11070917546749115, 0.07369434833526611, 0.11070917546749115, 0.11070917546749115, 0.6769459843635559, 0.0760750100016594, 0.07369434833526611, 0.7946922779083252, 0.11070917546749115, 0.7946922779083252, 0.11070917546749115, 0.07369434833526611, 0.11070917546749115, 0.7753521800041199, 0.07369434833526611, 0.7753521800041199, 0.09760024398565292, 0.7573053240776062, 0.7584022283554077, 0.7573053240776062, 0.11070917546749115, 0.09760024398565292, 0.09760024398565292, 0.7573053240776062, 0.07328736782073975, 0.09760024398565292, 0.5711166262626648, 0.7584022283554077, 0.11070917546749115, 0.11070917546749115, 0.07328736782073975, 0.7573053240776062, 0.7753521800041199, 0.8251825571060181, 0.09760024398565292, 0.07328736782073975, 0.7584022283554077], "xgb_pred": [0, 1, 0, 1, 1, 0, 0, 1, 0, 0, 0, 1, 1, 0, 1, 1, 1, 0, 0, 1, 1, 1, 1, 0, 1, 1, 0, 1, 0, 1, 1, 1, 1, 0, 0, 1, 0, 0, 1, 1, 1, 1, 0, 1, 1, 1, 0, 0, 1], "lgb_proba": [0.028340080251135703, 0.029658063073872535, 0.029264948643560527, 0.024896627551699885, 0.09030134599872223, 0.026272902901568064, 0.026718853049432306, 0.021545155724138003, 0.029243419247532078, 0.024704095770279794, 0.026299328036769876, 0.11216741237133601, 0.08940273062338894, 0.029243419247532078, 0.11276823465440884, 0.04186782206768711, 0.8489865017425173, 0.07879498128462821, 0.029243419247532078, 0.8435993474783814, 0.12335182277581437, 0.8435978007636412, 0.10473402792752158, 0.05340277121360128, 0.12403253248310536, 0.8566130298651822, 0.059230308933153855, 0.8559727478175578, 0.08508233757783722, 0.8235434897478884, 0.8086815650798121, 0.8220906926368124, 0.09235984218092536, 0.11689809662593792, 0.08492486574656763, 0.7894868805006444, 0.047501592020271786, 0.11386358908527071, 0.734616804992024, 0.8118777190962952, 0.05854019326691092, 0.1090729421263932, 0.06168586679270038, 0.8097292088153578, 0.8536901462358725, 0.8986527737474548, 0.0927986113270008, 0.08259943081254244, 0.810349191813479], "lgb_pred": [0, 0, 0, 0, 0, 0, 0, 0, 0, 0, 0, 1, 0, 0, 1, 0, 1, 0, 0, 1, 1, 1, 1, 0, 1, 1, 0, 1, 0, 1, 1, 1, 0, 1, 0, 1, 0, 1, 1, 1, 0, 1, 0, 1, 1, 1, 0, 0, 1], "y_test_dl": [0, 0, 0, 0, 0, 1, 0, 0, 0, 1, 0, 0, 0, 0, 0, 0, 1, 0, 0, 0, 1, 0, 0, 0, 0, 0, 0, 1, 1, 0, 0, 1, 0, 0, 1], "lstm_proba": [0.5037255883216858, 0.5017976760864258, 0.5019678473472595, 0.5080859661102295, 0.505332350730896, 0.5116385221481323, 0.5082311630249023, 0.5105903148651123, 0.5131494402885437, 0.5084410309791565, 0.5054423809051514, 0.5039610862731934, 0.5026911497116089, 0.5073313117027283, 0.5121943950653076, 0.5054783225059509, 0.5049117803573608, 0.502515435218811, 0.5062621831893921, 0.5034581422805786, 0.5110965967178345, 0.5035238265991211, 0.5076165199279785, 0.5113223195075989, 0.5042371153831482, 0.504011869430542, 0.5036402344703674, 0.5134719610214233, 0.5126745104789734, 0.5089507102966309, 0.5131753087043762, 0.5194413661956787, 0.514937698841095, 0.5086276531219482, 0.5121771097183228], "lstm_pred": [0, 0, 0, 0, 0, 1, 0, 1, 1, 0, 0, 0, 0, 0, 1, 0, 0, 0, 0, 0, 1, 0, 0, 1, 0, 0, 0, 1, 1, 0, 1, 1, 1, 0, 1], "gru_proba": [0.15311922132968903, 0.11471130698919296, 0.05749225988984108, 0.0689510703086853, 0.30122074484825134, 0.20014046132564545, 0.2548370659351349, 0.0931219756603241, 0.03541305661201477, 0.0689454898238182, 0.206329345703125, 0.20175127685070038, 0.134671151638031, 0.07565037161111832, 0.03975510969758034, 0.062374722212553024, 0.19355551898479462, 0.0826975405216217, 0.043704405426979065, 0.08953604847192764, 0.3053737282752991, 0.5213943123817444, 0.11560024321079254, 0.05014536529779434, 0.07155825197696686, 0.3166961967945099, 0.16237230598926544, 0.2625271677970886, 0.8869578242301941, 0.8426258563995361, 0.38909271359443665, 0.6551368236541748, 0.7308672070503235, 0.6644495725631714, 0.37009814381599426], "gru_pred": [0, 0, 0, 0, 1, 1, 1, 0, 0, 0, 1, 1, 0, 0, 0, 0, 1, 0, 0, 0, 1, 1, 0, 0, 0, 1, 0, 1, 1, 1, 1, 1, 1, 1, 1]}